{"schemaVersion":"1.0","appDefinitionTemplate":{"id":"/providers/Microsoft.PowerApps/apps/","type":"Microsoft.PowerApps/apps","tags":{"primaryDeviceWidth":"1366","primaryDeviceHeight":"768","supportsPortrait":"true","supportsLandscape":"true","primaryFormFactor":"Tablet","publisherVersion":"3.23053.23","minimumRequiredApiVersion":"2.2.0","hasComponent":"true","hasUnlockedComponent":"true","isUnifiedRootApp":"false","sienaVersion":"20230516T175816Z-3.23053.23.0"},"properties":{"appVersion":"2023-05-16T17:58:16Z","lifeCycleId":"Published","createdByClientVersion":{"major":3,"minor":23053,"build":23,"revision":0,"majorRevision":0,"minorRevision":0},"minClientVersion":{"major":3,"minor":23053,"build":23,"revision":0,"majorRevision":0,"minorRevision":0},"backgroundColor":"rgba(210, 210, 210, 1)","backgroundImageUri":"/18288642442492099255/N27cfdaf1-8c0f-4080-a701-0704cdb2b041-logoSmallFile","displayName":"DARTS","description":"DCoE Analytics and Reporting Tracking System","commitMessage":"","appUris":{"documentUri":{"value":"/18288642442492099255/N44b3bef7-8a25-4d0d-86cb-96e7d497c2bf-document.msapp"},"imageUris":[],"additionalUris":[]},"createdTime":"0001-01-01T00:00:00Z","lastModifiedTime":"0001-01-01T00:00:00Z","sharedGroupsCount":0,"sharedUsersCount":0,"connectionReferences":{"213910bd-67a2-43e0-83bf-4aba40aa9630":{"id":"68663f01-f145-4351-82f6-6d4b4972329e","displayName":"SharePoint","iconUri":"https://connectoricons-prod.azureedge.net/releases/v1.0.1627/1.0.1627.3238/sharepointonline/icon.png","dataSources":["DCoE Roster","Tool Improvement","TimeOffApprovers","GeneralApprovers","TimeOffTypes","Time Off Requests","Time Off Calendar","DCoE Overtime","General Announcements","DCoE Roster Updated","DCoE Project Tracking","DCoE Projects","Time Off Calendar_1","VLC Bug AutoFill List","DCoE Coverage"],"dependencies":[],"dependents":[],"parameterHints":{},"parameterHintsV2":{},"isOnPremiseConnection":false,"bypassConsent":false,"dataSets":{"https://microsofteur.sharepoint.com/teams/CentralizedDCOEsharepoint":{"dataSources":{"DCoE Roster":{"tableName":"1ad61cff-4c58-4206-bb05-b972dfda6b3c"},"Tool Improvement":{"tableName":"6b385291-00b7-4d47-8136-54e89d569c40"},"TimeOffApprovers":{"tableName":"76be4e66-3cc5-4562-9d00-df3adfbc5ae9"},"GeneralApprovers":{"tableName":"4fe7917d-32a2-46a9-a882-37aa38f427c2"},"TimeOffTypes":{"tableName":"dcdc5e08-8de9-4eb4-a6ab-cec61d6c064e"},"Time Off Requests":{"tableName":"e46526a5-a7ea-4ec1-807c-dd8b194b82d6"},"Time Off Calendar":{"tableName":"c04cc4f6-6865-4ad3-a818-3ae62d889490"},"DCoE Overtime":{"tableName":"c584125f-4b1c-4593-8402-6db80f27aed5"},"General Announcements":{"tableName":"571d17d7-8fd5-448a-aded-c862e26da18e"},"DCoE Roster Updated":{"tableName":"34e13d97-ec68-40e3-8036-d79ab370e6c6"},"DCoE Project Tracking":{"tableName":"3c4ba913-07bf-4074-a22d-982b801c1cfc"},"DCoE Projects":{"tableName":"02810c97-38b5-43c2-a7c7-415318577cb3"},"Time Off Calendar_1":{"tableName":"c04cc4f6-6865-4ad3-a818-3ae62d889490"},"VLC Bug AutoFill List":{"tableName":"943c5dcb-9f41-4472-9fb1-9f126a2074f1"},"DCoE Coverage":{"tableName":"5b5b64ca-26b7-4733-9735-fabe542b37e0"}}}},"apiTier":"Standard","isCustomApiConnection":false,"actions":["providers/PowerPlatform.Governance/Operations/Read","providers/PowerPlatform.Governance/Operations/Write","providers/PowerPlatform.Governance/Operations/Delete"]},"64d4871e-eae5-4a78-b064-9a62dd4f81b1":{"id":"0f128de1-f477-4265-a4a7-4f753111013f","displayName":"Office 365 Users","iconUri":"https://connectoricons-prod.azureedge.net/releases/v1.0.1626/1.0.1626.3238/office365users/icon.png","dataSources":["Office365Users"],"dependencies":[],"dependents":[],"parameterHints":{},"parameterHintsV2":{},"isOnPremiseConnection":false,"bypassConsent":false,"dataSets":{},"apiTier":"Standard","isCustomApiConnection":false},"6b26a361-55f1-4613-8bee-dacc2719c85a":{"id":"f84a2862-e6cd-413b-8c59-8a33b7f7b2d3","displayName":"Office 365 Outlook","iconUri":"https://connectoricons-prod.azureedge.net/releases/v1.0.1626/1.0.1626.3238/office365/icon.png","dataSources":["Office365Outlook"],"dependencies":[],"dependents":[],"parameterHints":{},"parameterHintsV2":{},"isOnPremiseConnection":false,"bypassConsent":false,"dataSets":{},"apiTier":"Standard","isCustomApiConnection":false}},"authorizationReferences":[{"resourceId":"powerbi"}],"databaseReferences":{},"almMode":"Environment","performanceOptimizationEnabled":true,"canConsumeAppPass":true,"enableModernRuntimeMode":false,"executionRestrictions":{"isTeamsOnly":false,"dataLossPreventionEvaluationResult":{"status":"Compliant","lastEvaluationDate":"2023-03-29T23:50:29.4299468Z","violations":[],"violationsByPolicy":[],"violationErrorMessage":"The app uses the following connectors: shared_sharepointonline, shared_office365users."}}},"appType":"ClassicCanvasApp","appComponents":[]}}